﻿<?xml version="1.0"?>
<!DOCTYPE hibernate-mapping PUBLIC
	"-//Hibernate/Hibernate Mapping DTD 3.0//EN"
	"http://hibernate.sourceforge.net/hibernate-mapping-3.0.dtd">

<hibernate-mapping package="fr.formation.banque.to" default-lazy="false">

	<class name="Client" table="client">
		<id name="id" column="id">
			<generator class="identity"></generator>
		</id>
	
		<property name="nom" type="string" column="nom" />
		<property name="prenom" type="string" column="prenom" />
		<property name="adresse" type="string" column="adresse" />
		<property name="codePostal" type="string" column="codepostal" />
		<property name="ville" type="string" column="ville" />
		<property name="motDePasse" type="string" column="motdepasse" />
	
	</class>

</hibernate-mapping>
