﻿<?xml version="1.0"?>
<!DOCTYPE hibernate-mapping PUBLIC
	"-//Hibernate/Hibernate Mapping DTD 3.0//EN"
	"http://hibernate.sourceforge.net/hibernate-mapping-3.0.dtd">

<hibernate-mapping package="fr.formation.banque.to" default-lazy="false">

	<class name="Compte" table="compte">
		<id name="numero" column="numero">
			<generator class="assigned"></generator>
		</id>
		
		<property name="solde" type="double" column="solde" />
		
		<many-to-one name="client" class="Client" 
					 column="idClient" unique="true"
					 cascade="persist">
		</many-to-one>
	</class>

	<query name="rechercher.comptes.client">
		<![CDATA[
			from Compte as c where c.client.id=?
		]]>
	</query>

</hibernate-mapping>
