<?xml version="1.0" encoding="UTF-8"?>
<beans 
	xmlns="http://www.springframework.org/schema/beans"
	xmlns:jdbc="http://www.springframework.org/schema/jdbc"
	xmlns:xsi="http://www.w3.org/2001/XMLSchema-instance"
	xsi:schemaLocation="
		http://www.springframework.org/schema/beans 
		http://www.springframework.org/schema/beans/spring-beans.xsd
		http://www.springframework.org/schema/jdbc 
		http://www.springframework.org/schema/jdbc/spring-jdbc.xsd		
">

	<bean id="dataSource" class="org.apache.commons.dbcp.BasicDataSource" destroy-method="close">
		<property name="driverClassName" value="org.h2.Driver" />
		<property name="url" value="jdbc:h2:~/banque;MODE=MySQL" />
		<property name="initialSize" value="5" />
		<property name="maxActive" value="20" />
	</bean>

	<jdbc:initialize-database data-source="dataSource">
		<jdbc:script location="classpath:/fr/formation/banque/scripts/schema-banque-drop.sql" />
		<jdbc:script location="classpath:/fr/formation/banque/scripts/schema-banque.sql" />
	</jdbc:initialize-database>

	<bean id="sessionFactory"
		class="org.springframework.orm.hibernate3.LocalSessionFactoryBean">
		<property name="hibernateProperties">
			<props>
				<prop key="hibernate.connection.driver_class">org.h2.Driver</prop>
				<prop key="hibernate.connection.url">jdbc:h2:~/banque;MODE=MySQL</prop>
				<prop key="hibernate.connection.pool_size">10</prop>
				<prop key="dialect">org.hibernate.dialect.H2Dialect</prop>
				<prop key="hibernate.show_sql">true</prop>
			</props>
		</property>
		<property name="mappingResources">
			<list>
				<value>fr/formation/banque/to/mapping/Client.hbm.xml</value>
				<value>fr/formation/banque/to/mapping/Compte.hbm.xml</value>
			</list>
		</property>
	</bean>

	<!-- Déclaration des DAO -->
	<bean id="clientDAOTarget" class="fr.formation.banque.dao.HibernateClientDAO">
		<!-- On injecte le pool de connexion sur la propriété héritée 'dataSource' -->
		<property name="sessionFactory" ref="sessionFactory"></property>
	</bean>
	<bean id="compteDAOTarget" class="fr.formation.banque.dao.HibernateCompteDAO">
		<!-- On injecte le pool de connexion sur la propriété héritée 'dataSource' -->
		<property name="sessionFactory" ref="sessionFactory"></property>
	</bean>

	<!-- Gestionnaire transactionnel Hibernate -->
	<bean id="txManager"
		class="org.springframework.orm.hibernate3.HibernateTransactionManager">
		<!-- Injection de la SessionFactory dans la propriété 'sessionFactory' -->
		<property name="sessionFactory" ref="sessionFactory" />
	</bean>

	<!-- Intercepteurs transactionnels -->
	<bean id="clientDAO"
		class="org.springframework.transaction.interceptor.TransactionProxyFactoryBean">
		<property name="transactionManager" ref="txManager" />
		<property name="target" ref="clientDAOTarget" />
		<property name="transactionAttributeSource">
			<value>
				fr.formation.banque.dao.ClientDAO.ajouterClient=PROPAGATION_REQUIRED,-Exception
				fr.formation.banque.dao.ClientDAO.rechercherClientParId=PROPAGATION_SUPPORTS
				fr.formation.banque.dao.ClientDAO.rechercherTousLesClients=PROPAGATION_SUPPORTS
			</value>
		</property>
	</bean>
	<bean id="compteDAO"
		class="org.springframework.transaction.interceptor.TransactionProxyFactoryBean">
		<property name="transactionManager" ref="txManager" />
		<property name="target" ref="compteDAOTarget" />
		<property name="transactionAttributeSource">
			<value>
				fr.formation.banque.dao.CompteDAO.ajouterCompte=PROPAGATION_REQUIRED,-Exception
				fr.formation.banque.dao.CompteDAO.rechercherCompteParNumero=PROPAGATION_SUPPORTS
				fr.formation.banque.dao.CompteDAO.rechercherComptesClient=PROPAGATION_SUPPORTS
				fr.formation.banque.dao.CompteDAO.virementEntreComptes=PROPAGATION_REQUIRED,-Exception
			</value>
		</property>
	</bean>
</beans>